{"files":{"manifest-b84bfa46a33d7f0dc4d2e7b8889486c9a957a5e40713d58f54be71b66954a1ff.js":{"logical_path":"manifest.js","mtime":"2024-12-29T15:36:12+09:00","size":4,"digest":"545c38b0922de19734fbffde62792c37c2aef6a3216cfa472449173165220f7d","integrity":"sha256-VFw4sJIt4Zc0+//eYnksN8Ku9qMhbPpHJEkXMWUiD30="},"_messages-f01f6291a4bb238a01ea6adc97165b99536ce6bd6318a6bcb600088a1997bdb2.css":{"logical_path":"_messages.css","mtime":"2024-12-29T15:36:12+09:00","size":1146,"digest":"70d464877b28b5a2d7ef716291aaf60527e5e6e781ff4ed0721fa836256af5b5","integrity":"sha256-cNRkh3sotaLX73Fikar2BSfl5ueB/07Qch+oNiVq9bU="},"application-998df1d2dadac08557c77d4cb38411e82374179c2381f3c4154db9909188f3c8.css":{"logical_path":"application.css","mtime":"2024-12-29T15:36:12+09:00","size":1085993,"digest":"004198476ba3e23b21aabe25898e9ffb47b8d1abcf184aefc73c2054c49fb4a6","integrity":"sha256-AEGYR2uj4jshqr4liY6f+0e40avPGErvxzwgVMSftKY="},"font-awesome/fa-solid-900-64214b0a6635e69b2722c690f29506337eccbc40c088f7f5bc4e42b361d162a8.woff2":{"logical_path":"font-awesome/fa-solid-900.woff2","mtime":"2024-12-29T15:36:12+09:00","size":158220,"digest":"aa75998623a391e61c6901794ace832e3ecdd288b56d608f21bea0411acc0b8e","integrity":"sha256-qnWZhiOjkeYcaQF5Ss6DLj7N0oi1bWCPIb6gQRrMC44="},"font-awesome/fa-solid-900-44ef3d6557f63579b379a863e53cc44a21b5dca68bea163842cf2f88741b53fc.ttf":{"logical_path":"font-awesome/fa-solid-900.ttf","mtime":"2024-12-29T15:36:12+09:00","size":426112,"digest":"d2f0593540b0e33ba6de255a54f272d466e31144806956bea8cfdbf7edffc9bd","integrity":"sha256-0vBZNUCw4zum3iVaVPJy1GbjEUSAaVa+qM/b9+3/yb0="},"font-awesome/fa-regular-400-1cd36d00df15fd48055bbc42daf8a494228887c26255da15c70c7cff5b31e107.woff2":{"logical_path":"font-awesome/fa-regular-400.woff2","mtime":"2024-12-29T15:36:12+09:00","size":25472,"digest":"e3456d1283b9d75337a773dfd147bf908fd02c01b4bf48576d8603a69b13cbe5","integrity":"sha256-40VtEoO511M3p3Pf0Ue/kI/QLAG0v0hXbYYDppsTy+U="},"font-awesome/fa-regular-400-f8fbc72fd51ef0b8ecca0cbc0212af363185a3ffdb62b54e6d42b61fadf5eb18.ttf":{"logical_path":"font-awesome/fa-regular-400.ttf","mtime":"2024-12-29T15:36:12+09:00","size":68064,"digest":"54cf6086f7bb21f9d072ad494a19b4681fa516dd0a14cee52da01d3651a913a3","integrity":"sha256-VM9ghve7IfnQcq1JShm0aB+lFt0KFM7lLaAdNlGpE6M="},"font-awesome/fa-brands-400-1f56bc1732fed207bf092be076fd531aa7e15e8af32fd4ce2e98ef278d385bac.woff2":{"logical_path":"font-awesome/fa-brands-400.woff2","mtime":"2024-12-29T15:36:12+09:00","size":118684,"digest":"d7236a19bf23cbb2027280e8f51dc99d6c45976a2ed60de73382b034b18a2b68","integrity":"sha256-1yNqGb8jy7ICcoDo9R3JnWxFl2ou1g3nM4KwNLGKK2g="},"font-awesome/fa-brands-400-89694cccd89936fa505b71253427335d580a5989a0e3a614d87a934b58b0e2a8.ttf":{"logical_path":"font-awesome/fa-brands-400.ttf","mtime":"2024-12-29T15:36:12+09:00","size":210792,"digest":"808443ae6c8204395add8543da8a90a60b9376fb0f87ed8e8ea37d109596d805","integrity":"sha256-gIRDrmyCBDla3YVD2oqQpguTdvsPh+2OjqN9EJWW2AU="},"custom-04024382391bb910584145d8113cf35ef376b55d125bb4516cebeb14ce788597.css":{"logical_path":"custom.css","mtime":"2024-12-29T15:36:12+09:00","size":0,"digest":"e3b0c44298fc1c149afbf4c8996fb92427ae41e4649b934ca495991b7852b855","integrity":"sha256-47DEQpj8HBSa+/TImW+5JCeuQeRkm5NMpJWZG3hSuFU="},"application-4b490d6085ecf11108b0e02d0ac1c93cfd92b579c455df01b58d43862570c199.js":{"logical_path":"application.js","mtime":"2024-12-29T15:36:12+09:00","size":591,"digest":"d53db2b4010dd7d4d79075f6fad5e64dd398ceac9723eaa102f883ccb38a60e7","integrity":"sha256-1T2ytAEN19TXkHX2+tXmTdOYzqyXI+qhAviDzLOKYOc="},"controllers/application-d95832e1f6d97726d71f7a18944cbb489a9bdc750f1df2f2397d7f969957439e.js":{"logical_path":"controllers/application.js","mtime":"2024-12-29T15:36:12+09:00","size":413,"digest":"9c368c105b03ced93362aaabda1f74bc9fa68ab4e09b4682964a8c0d5f8d6a78","integrity":"sha256-nDaMEFsDztkzYqqr2h90vJ+mirTgm0aClkqMDV+Nang="},"controllers/conversation_controller-720bfd1abf74e56f407e6d37efa6bc5dded92f5df60287c2183a274cc630d62a.js":{"logical_path":"controllers/conversation_controller.js","mtime":"2024-12-29T15:36:12+09:00","size":1247,"digest":"14d4cedb13a4c2f89ce73cea4b557a103fe707600a4afcd3b0c0d02da0ee1dbe","integrity":"sha256-FNTO2xOkwvic5zzqS1V6ED/nB2AKSvzTsMDQLaDuHb4="},"controllers/hello_controller-549135e8e7c683a538c3d6d517339ba470fcfb79d62f738a0a089ba41851a554.js":{"logical_path":"controllers/hello_controller.js","mtime":"2024-12-29T15:36:12+09:00","size":158,"digest":"88c9da00e8c549bbad7147478d6fbc4a321e205c03fe7ba1be97ae1e9e7ae678","integrity":"sha256-iMnaAOjFSbutcUdHjW+8SjIeIFwD/nuhvpeuHp565ng="},"controllers/index-31a9bee606cbc5cdb1593881f388bbf4c345bf693ea24e124f84b6d5c98ab648.js":{"logical_path":"controllers/index.js","mtime":"2024-12-29T15:36:12+09:00","size":273,"digest":"81f238650da35ac15c2b3cc1acfcf1db2f5c8f26b2c0d9ebde1a2b050c589f81","integrity":"sha256-gfI4ZQ2jWsFcKzzBrPzx2y9cjyaywNnr3horBQxYn4E="},"controllers/message_form_controller-ad00a1b85adf4dc0f3442cc16bcca83ad39911e080318610bdf98971f73c7c12.js":{"logical_path":"controllers/message_form_controller.js","mtime":"2024-12-29T15:36:12+09:00","size":219,"digest":"d897a9970b0722f3efb3d4f410bbf3b17bea60630a076da9e63eab02fb02e56d","integrity":"sha256-2JeplwsHIvPvs9T0ELvzsXvqYGMKB22p5j6rAvsC5W0="},"controllers/search_controller-fa54164d288165fafaf142d685d0fb7ee14e19f2da0e8b2ffa3372d756487a0e.js":{"logical_path":"controllers/search_controller.js","mtime":"2024-12-29T15:36:12+09:00","size":3112,"digest":"2c290f5626a075667b51f471369d1549d2ac3d383d876ee5518a58f6f67af183","integrity":"sha256-LCkPViagdWZ7UfRxNp0VSdKsPTg9h27lUYpY9vZ68YM="},"controllers/test_controller-b3a0f58205b64e160b3c204c02c1b02b392703020385bcd91c18eccb3c7f81e4.js":{"logical_path":"controllers/test_controller.js","mtime":"2024-12-29T15:36:12+09:00","size":191,"digest":"0c2a4032de5d0a6ff2de7f480eca9b51b2c80aa41c5bb374809badfa526d3333","integrity":"sha256-DCpAMt5dCm/y3n9IDsqbUbLICqQcW7N0gJut+lJtMzM="},"bootstrap.min-3389e8d94238c6aae57b91819279862a918c12e4596fd5a397c51f16df96057e.js":{"logical_path":"bootstrap.min.js","mtime":"2024-12-29T15:36:12+09:00","size":60594,"digest":"41cfdc7efaf8f12bbe2c84111a1ad9d4ed58c98ac54ce59f52e2235944cd8b0e","integrity":"sha256-Qc/cfvr48Su+LIQRGhrZ1O1YyYrFTOWfUuIjWUTNiw4="},"turbo-a6b3a37c3dae2061186942401d1053a3aaeb51c3ba30fa12fa3d7f56f4dfe6de.js":{"logical_path":"turbo.js","mtime":"2024-12-29T15:36:12+09:00","size":184771,"digest":"5538fdd12ec3d5664af46fd982dbc585c1eca4b62f6e150c1ca7509ae236261a","integrity":"sha256-VTj90S7D1WZK9G/ZgtvFhcHspLYvbhUMHKdQmuI2Jho="},"turbo.min-4cfe7c6aaeb9120821760aa53763dff54fbc561e500da6482fc43c54c7384929.js":{"logical_path":"turbo.min.js","mtime":"2024-12-29T15:36:12+09:00","size":104101,"digest":"c348901886d47415d13ad6deaccae48cd9ebf4aa8bd212b9c95b4a2d9912441c","integrity":"sha256-w0iQGIbUdBXROtberMrkjNnr9KqL0hK5yVtKLZkSRBw="},"turbo.min.js-425ee54ee541e22118661e6f1bde8f4159c7f6cebf39acc1b648cb85af6a197c.map":{"logical_path":"turbo.min.js.map","mtime":"2024-12-29T15:36:12+09:00","size":353214,"digest":"2cdea6081271e50d9a58f08b8d00c71e84987568ec95bc2720177a186e276652","integrity":"sha256-LN6mCBJx5Q2aWPCLjQDHHoSYdWjslbwnIBd6GG4nZlI="},"actiontext-0bc07717019da448e4a7abda9b2718ef0a4a8399bc1949280d76e308a795be6e.js":{"logical_path":"actiontext.js","mtime":"2024-12-29T15:36:12+09:00","size":30872,"digest":"9ccbf682451d439611fe5a048e55157c56038840ebb4a8292437eb55fd31c83d","integrity":"sha256-nMv2gkUdQ5YR/loEjlUVfFYDiEDrtKgpJDfrVf0xyD0="},"actiontext.esm-8386a561a026b3cbe8b226bf99965ba3e0d76c7ac6c97ef80a5dfec240795708.js":{"logical_path":"actiontext.esm.js","mtime":"2024-12-29T15:36:12+09:00","size":29011,"digest":"6790d4daf5458cd6eb8de2d56e754a340caeba909cb2952a35fb478955493d8c","integrity":"sha256-Z5DU2vVFjNbrjeLVbnVKNAyuupCcspUqNftHiVVJPYw="},"trix-b6d103912a6c8078fed14e45716425fb78de5abfbe7b626cd5d9b25b35265066.js":{"logical_path":"trix.js","mtime":"2024-12-29T15:36:12+09:00","size":512990,"digest":"488ac88b50edee8aab73dd826e9967075eed9000a13fd13cbcc17745f86650cc","integrity":"sha256-SIrIi1Dt7oqrc92CbplnB17tkAChP9E8vMF3RfhmUMw="},"trix-d81677283e2084ebe7e8a2907c70bd298fe8c113fde266dfca82283f1406621e.css":{"logical_path":"trix.css","mtime":"2024-12-29T15:36:12+09:00","size":20180,"digest":"0b3ed2650f63b04bb3bbff174d7a5e45ee976d3e2f7360baaa512f442693060f","integrity":"sha256-Cz7SZQ9jsEuzu/8XTXpeRe6XbT4vc2C6qlEvRCaTBg8="},"stimulus-f75215805563870a61ee9dc5a207ce46d4675c7e667558a54344fd1e7baa697f.js":{"logical_path":"stimulus.js","mtime":"2024-12-29T15:36:12+09:00","size":88684,"digest":"0e44df7d576be95af610c9b72f710a4c48bf94bbe3bff88a410e9a860dc28fb1","integrity":"sha256-DkTffVdr6Vr2EMm3L3EKTEi/lLvjv/iKQQ6ahg3Cj7E="},"stimulus-autoloader-c584942b568ba74879da31c7c3d51366737bacaf6fbae659383c0a5653685693.js":{"logical_path":"stimulus-autoloader.js","mtime":"2024-12-29T15:36:12+09:00","size":1748,"digest":"ee02d97de413bf7535c3790270aa94068c431ed34290f59ef31eaf9dda66b293","integrity":"sha256-7gLZfeQTv3U1w3kCcKqUBoxDHtNCkPWe8x6vndpmspM="},"stimulus-importmap-autoloader-db2076c783bf2dbee1226e2add52fef290b5d31b5bcd1edd999ac8a6dd31c44a.js":{"logical_path":"stimulus-importmap-autoloader.js","mtime":"2024-12-29T15:36:12+09:00","size":990,"digest":"758f8d5ba9130adaeca041adb97bc02c85cf54c92e77a731a56042ebfa02c064","integrity":"sha256-dY+NW6kTCtrsoEGtuXvALIXPVMkud6cxpWBC6/oCwGQ="},"stimulus-loading-3576ce92b149ad5d6959438c6f291e2426c86df3b874c525b30faad51b0d96b3.js":{"logical_path":"stimulus-loading.js","mtime":"2024-12-29T15:36:12+09:00","size":3316,"digest":"d80f0feea68692981b568bbfef0ed4370b56927ae5c663421e8461a466f0618f","integrity":"sha256-2A8P7qaGkpgbVou/7w7UNwtWknrlxmNCHoRhpGbwYY8="},"stimulus.min-dd364f16ec9504dfb72672295637a1c8838773b01c0b441bd41008124c407894.js":{"logical_path":"stimulus.min.js","mtime":"2024-12-29T15:36:12+09:00","size":45613,"digest":"a02d14912f67acfc0e30871b2793a20e985e308dbaf63ac25514db679c840750","integrity":"sha256-oC0UkS9nrPwOMIcbJ5OiDpheMI269jrCVRTbZ5yEB1A="},"stimulus.min.js-2cc63625fa177963b45da974806e7aee846cbf1d4930815733d0fdf3fb232325.map":{"logical_path":"stimulus.min.js.map","mtime":"2024-12-29T15:36:12+09:00","size":164428,"digest":"3d0f7c81c69552e842a7a822e8ba2b65e9f9b1a72f2faf1e29a4a9e351a555c5","integrity":"sha256-PQ98gcaVUuhCp6gi6LorZen5sacvL68eKaSp41GlVcU="},"activestorage-b739665c00c484e89aa1fbed0f6c6956e04e31da358a7661a16fea46775b3cc2.js":{"logical_path":"activestorage.js","mtime":"2024-12-29T15:36:12+09:00","size":29420,"digest":"cf22a497d1956e8f0d3ec50f45d68961aa0d138ee062802c36ae384efb260aa2","integrity":"sha256-zyKkl9GVbo8NPsUPRdaJYaoNE47gYoAsNq44TvsmCqI="},"activestorage.esm-67701f2a2743709337889a5447ee87325b56054627c1b736725d69f247f79992.js":{"logical_path":"activestorage.esm.js","mtime":"2024-12-29T15:36:12+09:00","size":27262,"digest":"8bb028228e622c50501b3eb269cbe4044a46da07b565a90e5ae6f221dc06e485","integrity":"sha256-i7AoIo5iLFBQGz6yacvkBEpG2ge1ZakOWubyIdwG5IU="},"actioncable-323d156a10054ee2c94ba8a17c20458f542a17234f934ea53d16e0e1899fda5e.js":{"logical_path":"actioncable.js","mtime":"2024-12-29T15:36:12+09:00","size":16474,"digest":"1a239ff96644bc8fd626f87a74175b4ee7eafd201f5034034a433c22d8c4dc3e","integrity":"sha256-GiOf+WZEvI/WJvh6dBdbTufq/SAfUDQDSkM8ItjE3D4="},"actioncable.esm-b66d83871f0a453b10ba8b4c147c2bafa655caaa5d13fa34e9bf361c1c2aedb7.js":{"logical_path":"actioncable.esm.js","mtime":"2024-12-29T15:36:12+09:00","size":14813,"digest":"555679e44f119be7a7e54121fca0beb0a5832f2933c1a1edcd0515bbafad22e0","integrity":"sha256-VVZ55E8Rm+en5UEh/KC+sKWDLykzwaHtzQUVu6+tIuA="}},"assets":{"manifest.js":"manifest-b84bfa46a33d7f0dc4d2e7b8889486c9a957a5e40713d58f54be71b66954a1ff.js","_messages.css":"_messages-f01f6291a4bb238a01ea6adc97165b99536ce6bd6318a6bcb600088a1997bdb2.css","application.css":"application-998df1d2dadac08557c77d4cb38411e82374179c2381f3c4154db9909188f3c8.css","font-awesome/fa-solid-900.woff2":"font-awesome/fa-solid-900-64214b0a6635e69b2722c690f29506337eccbc40c088f7f5bc4e42b361d162a8.woff2","font-awesome/fa-solid-900.ttf":"font-awesome/fa-solid-900-44ef3d6557f63579b379a863e53cc44a21b5dca68bea163842cf2f88741b53fc.ttf","font-awesome/fa-regular-400.woff2":"font-awesome/fa-regular-400-1cd36d00df15fd48055bbc42daf8a494228887c26255da15c70c7cff5b31e107.woff2","font-awesome/fa-regular-400.ttf":"font-awesome/fa-regular-400-f8fbc72fd51ef0b8ecca0cbc0212af363185a3ffdb62b54e6d42b61fadf5eb18.ttf","font-awesome/fa-brands-400.woff2":"font-awesome/fa-brands-400-1f56bc1732fed207bf092be076fd531aa7e15e8af32fd4ce2e98ef278d385bac.woff2","font-awesome/fa-brands-400.ttf":"font-awesome/fa-brands-400-89694cccd89936fa505b71253427335d580a5989a0e3a614d87a934b58b0e2a8.ttf","custom.css":"custom-04024382391bb910584145d8113cf35ef376b55d125bb4516cebeb14ce788597.css","application.js":"application-4b490d6085ecf11108b0e02d0ac1c93cfd92b579c455df01b58d43862570c199.js","controllers/application.js":"controllers/application-d95832e1f6d97726d71f7a18944cbb489a9bdc750f1df2f2397d7f969957439e.js","controllers/conversation_controller.js":"controllers/conversation_controller-720bfd1abf74e56f407e6d37efa6bc5dded92f5df60287c2183a274cc630d62a.js","controllers/hello_controller.js":"controllers/hello_controller-549135e8e7c683a538c3d6d517339ba470fcfb79d62f738a0a089ba41851a554.js","controllers/index.js":"controllers/index-31a9bee606cbc5cdb1593881f388bbf4c345bf693ea24e124f84b6d5c98ab648.js","controllers/message_form_controller.js":"controllers/message_form_controller-ad00a1b85adf4dc0f3442cc16bcca83ad39911e080318610bdf98971f73c7c12.js","controllers/search_controller.js":"controllers/search_controller-fa54164d288165fafaf142d685d0fb7ee14e19f2da0e8b2ffa3372d756487a0e.js","controllers/test_controller.js":"controllers/test_controller-b3a0f58205b64e160b3c204c02c1b02b392703020385bcd91c18eccb3c7f81e4.js","bootstrap.min.js":"bootstrap.min-3389e8d94238c6aae57b91819279862a918c12e4596fd5a397c51f16df96057e.js","turbo.js":"turbo-a6b3a37c3dae2061186942401d1053a3aaeb51c3ba30fa12fa3d7f56f4dfe6de.js","turbo.min.js":"turbo.min-4cfe7c6aaeb9120821760aa53763dff54fbc561e500da6482fc43c54c7384929.js","turbo.min.js.map":"turbo.min.js-425ee54ee541e22118661e6f1bde8f4159c7f6cebf39acc1b648cb85af6a197c.map","actiontext.js":"actiontext-0bc07717019da448e4a7abda9b2718ef0a4a8399bc1949280d76e308a795be6e.js","actiontext.esm.js":"actiontext.esm-8386a561a026b3cbe8b226bf99965ba3e0d76c7ac6c97ef80a5dfec240795708.js","trix.js":"trix-b6d103912a6c8078fed14e45716425fb78de5abfbe7b626cd5d9b25b35265066.js","trix.css":"trix-d81677283e2084ebe7e8a2907c70bd298fe8c113fde266dfca82283f1406621e.css","stimulus.js":"stimulus-f75215805563870a61ee9dc5a207ce46d4675c7e667558a54344fd1e7baa697f.js","stimulus-autoloader.js":"stimulus-autoloader-c584942b568ba74879da31c7c3d51366737bacaf6fbae659383c0a5653685693.js","stimulus-importmap-autoloader.js":"stimulus-importmap-autoloader-db2076c783bf2dbee1226e2add52fef290b5d31b5bcd1edd999ac8a6dd31c44a.js","stimulus-loading.js":"stimulus-loading-3576ce92b149ad5d6959438c6f291e2426c86df3b874c525b30faad51b0d96b3.js","stimulus.min.js":"stimulus.min-dd364f16ec9504dfb72672295637a1c8838773b01c0b441bd41008124c407894.js","stimulus.min.js.map":"stimulus.min.js-2cc63625fa177963b45da974806e7aee846cbf1d4930815733d0fdf3fb232325.map","activestorage.js":"activestorage-b739665c00c484e89aa1fbed0f6c6956e04e31da358a7661a16fea46775b3cc2.js","activestorage.esm.js":"activestorage.esm-67701f2a2743709337889a5447ee87325b56054627c1b736725d69f247f79992.js","actioncable.js":"actioncable-323d156a10054ee2c94ba8a17c20458f542a17234f934ea53d16e0e1899fda5e.js","actioncable.esm.js":"actioncable.esm-b66d83871f0a453b10ba8b4c147c2bafa655caaa5d13fa34e9bf361c1c2aedb7.js"}}